"Status","Start Time","Stop Time","Duration in ms","Parent Suite","Suite","Sub Suite","Test Class","Test Method","Name","Description"
"passed","Mon Jan 11 22:42:59 CST 2021","Mon Jan 11 22:42:59 CST 2021","1","","test_calculator","TestCalc","","","test_div[int]",""
"passed","Mon Jan 11 22:42:59 CST 2021","Mon Jan 11 22:42:59 CST 2021","1","","test_calculator","TestCalc","","","test_div[decimal]",""
"passed","Mon Jan 11 22:42:59 CST 2021","Mon Jan 11 22:42:59 CST 2021","0","","test_calculator","TestCalc","","","test_sub[int]",""
"passed","Mon Jan 11 22:42:59 CST 2021","Mon Jan 11 22:42:59 CST 2021","0","","test_calculator","TestCalc","","","test_mul[decimal]",""
"passed","Mon Jan 11 22:42:59 CST 2021","Mon Jan 11 22:42:59 CST 2021","1","","test_calculator","TestCalc","","","test_add[decimal]",""
"passed","Mon Jan 11 22:42:59 CST 2021","Mon Jan 11 22:42:59 CST 2021","1","","test_calculator","TestCalc","","","test_sub[decimal]",""
"passed","Mon Jan 11 22:42:59 CST 2021","Mon Jan 11 22:42:59 CST 2021","0","","test_calculator","TestCalc","","","test_div[minus]",""
"passed","Mon Jan 11 22:42:59 CST 2021","Mon Jan 11 22:42:59 CST 2021","0","","test_calculator","TestCalc","","","test_add[minus]",""
"passed","Mon Jan 11 22:42:59 CST 2021","Mon Jan 11 22:42:59 CST 2021","0","","test_calculator","TestCalc","","","test_sub[minus]",""
"passed","Mon Jan 11 22:42:59 CST 2021","Mon Jan 11 22:42:59 CST 2021","1","","test_calculator","TestCalc","","","test_mul[minus]",""
"passed","Mon Jan 11 22:42:59 CST 2021","Mon Jan 11 22:42:59 CST 2021","0","","test_calculator","TestCalc","","","test_add[int]",""
"passed","Mon Jan 11 22:42:59 CST 2021","Mon Jan 11 22:42:59 CST 2021","1","","test_calculator","TestCalc","","","test_mul[int]",""
